Date,CPI (Inflation Level),Interbank Interest Rate,10-Year Bond Yield,USD/INR Exchange Rate,M3 Money Supply Growth,CPI (Inflation Level) (YoY % change),Interbank Interest Rate (YoY % change),10-Year Bond Yield (YoY % change),USD/INR Exchange Rate (YoY % change),M3 Money Supply Growth (YoY % change),Retail Demand Risk Score
2011-12-01,75.35862,6.0,8.56,52.3936360081818,15.5521387748,,,,,,
2012-01-01,75.74116,6.0,8.235,51.1063631236364,15.2984766992,,,,,,
2012-02-01,76.12369,7.75,8.1925,49.1735710871429,14.4307826812,,,,,,
2012-03-01,76.88875,9.5,8.374,50.3475001945455,13.8948714616,,,,,,
2012-04-01,78.41887,9.25,8.5875,51.6795236495238,13.5202524326,,,,,,
2012-05-01,78.8014,9.0,8.565,54.33804371,13.6073663178,,,,,,
2012-06-01,79.56647,9.0,8.204,55.9271429157143,14.8133858666,,,,,,
2012-07-01,81.09659,9.0,8.09666666666667,55.3968181604545,14.8262785222,,,,,,
2012-08-01,81.86165,9.0,8.196,55.4904343982609,14.0291411036,,,,,,
2012-09-01,82.24418,9.0,8.175,54.4487499245,13.8896551767,,,,,,
2012-10-01,83.00925,9.0,8.1475,53.0482610626087,13.5332129283,,,,,,
2012-11-01,83.39178000000001,9.0,8.20254,54.8001358709091,13.4248818017,,,,,,
2012-12-01,83.77431,9.0,8.1375,54.6352379204762,12.2711624134,11.167521379770484,50.0,-4.935747663551416,4.278385855763767,-21.096624772384033,58.85990487690212
2013-01-01,84.53936999999999,9.0,7.8725,54.2091303278261,12.00393547,11.616154281238899,50.0,-4.401942926533087,6.071195472633217,-21.535093290512254,61.27808430869064
2013-02-01,85.30443000000001,8.75,7.8375,53.84157505,12.8261365747,12.0602929258947,12.903225806451623,-4.333231614281363,9.49291226904123,-11.119605512391828,52.65002535365736
2013-03-01,85.68696,8.65,7.91,54.4238097785714,13.2770901907,11.442779340280595,-8.947368421052627,-5.5409601146405585,8.096349507472688,-4.446110009778115,42.85717150006426
2013-04-01,86.45203000000001,8.5,7.83,54.29727277,13.3809808995,10.243911956395202,-8.108108108108103,-8.820960698689962,5.06535071458678,-1.0300956568250696,36.76983942482148
2013-05-01,87.21709,8.25,7.502,55.0703811647619,13.3184749176,10.679619905230098,-8.333333333333337,-12.410974897840044,1.3477435048459885,-2.1230515402682837,34.13398715253332
2013-06-01,88.36468,8.25,7.40215,58.402650261,13.1033364037,11.057685479825885,-8.333333333333337,-9.773890784982942,4.426307542683605,-11.543947334523141,39.11563911651318
2013-07-01,89.89480999999999,9.25,7.724375,59.7834344952174,12.5383329271,10.849062827425904,2.777777777777768,-4.598085631947335,7.918534819197109,-15.431691720037255,46.43963415826662
2013-08-01,90.65987,10.25,8.328,62.8476822595455,12.2871457952,10.747670001765176,13.888888888888884,1.6105417276720324,13.25858761256189,-12.416977600667146,54.70838492992306
2013-09-01,91.0424,9.875,8.6025,63.7901426033333,12.5262248528,10.69768097876349,9.722222222222232,5.229357798165113,17.156303297663044,-9.816156747988703,56.91690252531994
2013-10-01,92.18999,9.125,8.5725,61.581391376087,13.361787955,11.059899950909081,1.388888888888884,5.216324025774766,16.085598552245294,-1.2666982645453184,53.63127977139581
2013-11-01,92.95506,8.75,8.86304,62.5530955,14.2552230876,11.46789287865062,-2.777777777777779,8.052383773806637,14.147701471679364,6.185091967028367,52.29546158958293
2013-12-01,91.42493,8.75,8.87536825,61.8445710685714,14.7744039316,9.132417802068439,-2.777777777777779,9.067505376344087,13.195390781657569,20.39938380626827,44.95555712216489
2014-01-01,90.65987,8.8,8.76454,62.0992391826087,14.6303820037,7.239822108918026,-2.2222222222222143,11.331089234677695,14.554944539909954,21.879878813610443,42.30771239988351
2014-02-01,91.0424,9.0,8.8125,62.2336252215,14.527003708,6.72646191997297,2.857142857142847,12.440191387559807,15.586561432697167,13.260946687991936,44.719485370231496
2014-03-01,91.42493,9.0,8.8375,60.9477955052381,14.0560347809,6.696433156223547,4.046242774566466,11.72566371681416,11.98737419010203,5.866832107125508,43.36186194986187
2014-04-01,92.57253,9.0,8.9875,60.3459091195455,13.7798380637,7.0796486791576685,5.882352941176472,14.78288633461049,11.139852963089258,2.9807767247833183,45.73597616246198
2014-05-01,93.33759,9.0,8.75292,59.3684088972727,13.6088942693,7.017546675771924,9.090909090909083,16.674486803519063,7.804608650976608,2.180575129636053,45.20632178224817
2014-06-01,94.10265,9.0,8.6336,59.7480476014286,12.4657597584,6.493510755654852,9.090909090909083,16.63638267260188,2.3036580265040296,-4.86575804556133,41.38701309141435
2014-07-01,96.39783,9.0,8.6559,60.0732523030435,12.1139948436,7.23403275450496,-2.7027027027026973,12.059551743668596,0.48477945483258456,-3.384326177707786,36.67201804246981
2014-08-01,96.78036,9.0,8.56064,60.8698189152381,12.6800492538,6.751046521465343,-12.195121951219512,2.793467819404416,-3.147074439657638,3.197678819384464,26.258945355645615
2014-09-01,96.78036,9.0,8.49115,60.8732951768182,12.6172918824,6.302513993479963,-8.860759493670889,-1.2943911653589102,-4.572567653050963,0.7270109763329202,24.044258005493713
2014-10-01,96.78036,9.0,8.40188,61.3935825504348,12.3709763715,4.9792499163954895,-1.3698630136986356,-1.9903178769320462,-0.30497658701021946,-7.4152619906622474,26.595334646779207
2014-11-01,96.78036,9.0,8.18685,61.7053596505,11.4935164749,4.1152143842411615,2.857142857142847,-7.629323572950142,-1.3552260567184837,-19.373296340078237,24.517427270724102
2014-12-01,96.78036,9.0,7.955925,62.7804829156522,10.7037482039,5.85773486509642,2.857142857142847,-10.3594940976111,1.5133290293873891,-27.552080926889666,30.314456316196907
2015-01-01,97.1629,8.85,7.79366,62.2106819159091,10.7670360262,7.172997269905634,0.5681818181818121,-11.077364014540414,0.17945909606507104,-26.40632333812587,31.418991655878916
2015-02-01,96.78036,8.75,7.7342,62.0572448725,10.9437820058,6.302513993479963,-2.777777777777779,-12.236028368794315,-0.28341647842662354,-24.665937823274085,27.528297088470417
2015-03-01,97.1629,8.5,7.8208,62.4811087518182,11.0159054284,6.27615465497211,-5.555555555555558,-11.5043847241867,2.515781307378573,-21.628641362150514,28.348054630280746
2015-04-01,97.92796,8.5,7.83696666666667,62.7282863968182,10.8770151892,5.785117896205283,-5.555555555555558,-12.801483541956394,3.9478687321674144,-21.065725599104525,27.5711884623019
2015-05-01,98.69302,8.5,7.85218,63.7705330619048,10.8033852602,5.737699034226185,-5.555555555555558,-10.290737262536387,7.414926972776459,-20.615260531701573,30.547181220880113
2015-06-01,99.84061,8.25,7.805225,63.8522683918182,10.6820058123,6.09755410713726,-8.333333333333337,-9.594780856189766,6.8692132298084685,-14.309227681834846,29.71347138951494
2015-07-01,100.6057,8.25,7.81692,63.6525747873913,10.8507384562,4.365108633669457,-8.333333333333337,-9.69257962776836,5.9582631988887025,-10.428074336414273,24.648618970864163
2015-08-01,100.9882,8.25,7.785975,65.0842759266667,11.1205610802,4.347824289969582,-8.333333333333337,-9.049148194527511,6.923721947156247,-12.298754858011673,25.69561077589959
2015-09-01,101.7533,8.25,7.73205,66.2337993272727,10.8679604453,5.138377249268333,-8.333333333333337,-8.939896244913815,8.806002919480349,-13.864555511632116,28.93401432332795
2015-10-01,102.9009,7.75,7.5969,65.08420528,10.5740171856,6.324155024841804,-13.888888888888884,-9.580950930029953,6.011414509868951,-14.525605190224077,28.143148693539075
2015-11-01,103.2834,7.75,7.7452,66.1913670128571,10.4832625639,6.719379841116524,-13.888888888888884,-5.394626748993813,7.270044916302099,-8.789772157252585,30.70789712470379
2015-12-01,102.9009,7.75,7.791575,66.5603823456522,10.6095510965,6.324155024841804,-13.888888888888884,-2.06575602459802,6.020819296784374,-0.8800385211385819,29.280843682605177
2016-01-01,102.9009,7.75,7.66876,67.3198808938095,10.8280900518,5.905546252736382,-12.429378531073443,-1.6025846649712738,8.21273585267328,0.5670458002688505,30.118595488760395
2016-02-01,102.1358,7.75,7.720025,68.2354144142857,10.9369431359,5.533602065543053,-11.428571428571432,-0.1832768741434232,9.955597536563365,-0.06249091855424771,31.2674887799177
2016-03-01,102.5183,7.75,7.584775,66.9515224952174,10.5673577249,5.511774555926174,-8.823529411764708,-3.01791376841245,7.1548246065161525,-4.071818757118251,29.616068436479672
2016-04-01,103.6659,7.15,7.43606,66.4826198771429,10.464207478,5.859348035024925,-15.88235294117647,-5.115584686251939,5.98507259799006,-3.7952297024452464,26.841332294711187
2016-05-01,105.196,7.0,7.2793,66.9300544040909,10.3441616961,6.58909819559681,-17.647058823529417,-7.295808297823026,4.954516122860397,-4.250737644169678,26.594298224493073
2016-06-01,105.9611,7.0,7.502625,67.2953366368182,10.0938191701,6.130261023044636,-15.151515151515149,-3.876890160117097,5.392241077282045,-5.506331418793287,27.973970175560602
2016-07-01,107.1087,7.0,7.35092,67.2060089119048,10.1787793812,6.463848469818312,-15.151515151515149,-5.961427262911723,5.582545775064851,-6.19274971664302,28.158637555260864
2016-08-01,106.3436,7.0,7.14185,66.9215127686956,10.0516875473,5.302995795548382,-15.151515151515149,-8.272888109710086,2.822858233990333,-9.611687082975639,23.307857548022604
2016-09-01,105.9611,7.0,6.86438,66.7670409468182,11.8207318661,4.135295857726495,-15.151515151515149,-11.22173291688492,0.8050898860725964,8.76679139195835,15.956059339844245
2016-10-01,106.3436,6.75,6.784525,66.7238715028571,11.9613447767,3.3456461508111213,-12.903225806451612,-10.693506561887078,2.5192997529938976,13.120156386631399,15.528222852577926
2016-11-01,105.9611,6.75,6.613,67.5956819713636,9.2222547303,2.592575379973927,-12.903225806451612,-14.618086040386292,2.1215983622663748,-12.028772778642283,15.205396168375511
2016-12-01,105.196,6.75,6.52812,67.8654046490909,7.1838957276,2.230398373580811,-12.903225806451612,-16.215656013065395,1.9606592652392507,-32.28841011030236,16.195463948368104
2017-01-01,104.8135,6.75,6.7918,68.0961133786364,6.1465946453,1.858681508130644,-12.903225806451612,-11.435486310694287,1.1530508885648993,-43.23472915448994,17.997107346958884
2017-02-01,104.8135,6.75,6.9794,67.033124924,6.0190908295,2.6217056115485526,-12.903225806451612,-9.59355701568324,-1.7619728708410776,-44.96551042911965,18.808880844266778
2017-03-01,105.196,6.75,7.11756,65.8634693304348,8.0717853152,2.6119239199245525,-12.903225806451612,-6.159905864050019,-1.625135806075706,-23.615860034904014,17.507602968705434
2017-04-01,105.9611,6.5,7.16485,64.5236202255,8.4161395258,2.2140356665017125,-9.090909090909093,-3.6472271606200035,-2.9466342560853453,-19.572126761686135,17.285878849443797
2017-05-01,106.3436,6.5,7.1144,64.4467262604348,6.6451008632,1.0909160044108024,-7.14285714285714,-2.2653277100820213,-3.7103333708097375,-35.75988989320069,17.320362429154798
2017-06-01,107.1087,6.5,6.58302,64.4503374968182,6.7916185672,1.0830389642991545,-7.14285714285714,-12.257110011495975,-4.227631931398168,-32.71507590191241,12.831279553049981
2017-07-01,109.0214,6.5,6.54905,64.4564285714286,6.8361075539,1.785755965668523,-7.14285714285714,-10.90843050937842,-4.091271576743106,-32.839613691537984,15.0506994582401
2017-08-01,109.0214,6.25,6.6025,63.9747434782609,6.6833776533,2.518064086602312,-10.71428571428571,-7.551964827040614,-4.403321396244864,-33.50989451422779,16.86369979581582
2017-09-01,109.0214,6.25,6.72384,64.4622238095238,6.1014877956,2.8881353628831707,-10.71428571428571,-2.047380826819023,-3.4520282831318583,-48.38316387923401,22.2397927242886
2017-10-01,109.7864,6.25,6.94395,65.0689681818182,5.7549014683,3.2374303672247473,-7.4074074074074066,2.3498328917647138,-2.480226767069449,-51.887504492720495,26.68764520732455
2017-11-01,110.169,6.25,7.16575,64.8698136363636,7.1970540549,3.971174327182325,-7.4074074074074066,8.358536216543166,-4.032607195463744,-21.959929915470035,25.921718569431377
2017-12-01,109.4039,6.25,7.35076,64.2520952380952,9.247904044,4.000057036389215,-7.4074074074074066,12.601484041347266,-5.324228787375418,28.731045029930357,20.455149695777408
2018-01-01,110.169,6.25,7.219725,63.6434739130435,10.2393222502,5.109551727592332,-7.4074074074074066,6.300612503312819,-6.538757125292582,66.58528569196456,15.138888059088659
2018-02-01,109.7864,6.25,7.571275,64.406725,10.1449290921,4.744522413620378,-7.4074074074074066,8.480313493996627,-3.918062789072929,68.54587145252849,16.53884597425578
2018-03-01,109.7864,6.25,7.60806,65.0724363636364,9.5144362447,4.363664017643254,-7.4074074074074066,6.89140660563452,-1.2010192825249066,17.87276139249321,23.099281790825664
2018-04-01,110.169,6.25,7.547875,65.695180952381,9.6879947212,3.971174327182325,-3.8461538461538436,5.345890004675602,1.8157082984286532,15.112097316127882,24.883465844676813
2018-05-01,110.5515,6.25,7.846075,67.5268173913043,10.291380669,3.956890682655101,-3.8461538461538436,10.284423141796918,4.779282532401408,54.87169993149068,23.635315083388615
2018-06-01,111.3165,6.45,7.93574,67.8044571428571,10.0539037254,3.928532416134267,-0.7692307692307665,20.548623580059,5.204192524522466,48.033986684045374,29.43218109918842
2018-07-01,115.1419,6.5,7.800625,68.7291636363636,9.8141367536,5.614035409561802,0.0,19.110787060718735,6.628873426023096,43.56322916541935,34.42818268373496
2018-08-01,115.1419,6.75,7.82458,69.6491434782609,10.3360368439,5.614035409561802,8.000000000000007,18.509352517985622,8.869750297518909,54.652892296105016,36.51192925189438
2018-09-01,115.1419,6.75,8.019075,72.213055,10.0736036736,5.614035409561802,8.000000000000007,19.263322744146215,12.023834631238817,65.10077559877172,37.49136867184419
2018-10-01,115.5244,6.75,7.92485,73.6034130434783,9.6622904869,5.22651257350637,8.000000000000007,14.125965768762727,13.115998455381717,67.89671448109509,35.01148617262683
2018-11-01,115.5244,6.75,7.78462,71.8513272727273,10.2151899558,4.8610770724977215,8.000000000000007,8.636500017444092,10.762345758382331,41.93571255512734,33.8498684886724
2018-12-01,115.1419,6.75,7.37335,70.7201190476191,10.3207682527,5.244785606363234,8.000000000000007,0.3073151619696457,10.066634847557454,11.60116069106567,34.92849687882908
2019-01-01,117.437,6.75,7.34735,70.7474304347826,10.3207682527,6.5971371256887235,8.000000000000007,1.7677266100855515,11.16211307296846,0.7954237644821616,40.615421904014156
2019-02-01,117.437,6.5625,7.4312,71.2288,10.3207682527,6.968622707366312,5.000000000000004,-1.850084695114107,10.59217806836168,1.7332714600926113,38.773304192634974
2019-03-01,118.2021,6.5,7.41366,69.5151095238095,10.3207682527,7.665521412488241,4.0000000000000036,-2.55518489601817,6.82727343317322,8.474826960443039,36.59668474223898
2019-04-01,119.3497,6.25,7.421075,69.4237409090909,10.3207682527,8.333287948515466,0.0,-1.6799430303231055,5.675545607237975,6.5315222572873255,36.83231263786081
2019-05-01,120.1148,6.25,7.3271,69.7990956521739,10.3207682527,8.650538436837119,0.0,-6.614453723677127,3.365001267129486,0.28555530735077106,35.01515096587854
2019-06-01,120.8798,6.0,6.96805,69.4279,10.3207682527,8.591089371297155,-6.976744186046513,-12.19407389859043,2.3943010910366214,2.6543374055373103,29.885128249973967
2019-07-01,122.0274,6.0,6.597725,68.7687304347826,10.3207682527,5.980012488937558,-7.692307692307687,-15.420559250060094,0.05756915452710398,5.162262477279622,20.694321014238945
2019-08-01,122.4099,5.72,6.61912,71.1363136363636,10.3207682527,6.3122112801681896,-15.259259259259261,-15.406066523698403,2.1352310794272356,-0.1477219115081918,21.287306552197514
2019-09-01,123.175,5.65,6.81335,71.3720761904762,10.3207682527,6.976695711986669,-16.296296296296287,-15.03571172485606,-1.1645800188397892,2.4535864930615547,20.241186810180405
2019-10-01,124.3226,5.4,6.5418,71.0515304347826,10.3207682527,7.61588028156821,-19.999999999999996,-17.452065338776123,-3.467071027247426,6.814924128939781,17.741722045771887
2019-11-01,125.4702,5.4,6.63498,71.4789666666667,10.3207682527,8.609263497581466,-19.999999999999996,-14.768094011011467,-0.5182376167488623,1.0335421794095412,23.614915205668247
2019-12-01,126.2353,5.4,6.848575,71.1826045454546,10.3207682527,9.634546589903415,-19.999999999999996,-7.117185539815685,0.6539659492429406,0.0,29.716403066813164
2020-01-01,126.2353,5.4,6.8218,71.2924869565217,10.3207682527,7.4919318443080085,-19.999999999999996,-7.152919079668174,0.770425891639337,0.0,24.86928804313461
2020-02-01,125.4702,5.4,6.65965,71.49953,10.3207682527,6.840433594182427,-17.714285714285705,-10.382576165356872,0.3800850217889229,0.0,22.56268578318939
2020-03-01,124.7051,5.2125,6.701575,74.49565,10.3207682527,5.501594303316093,-19.807692307692303,-9.605039885832367,7.164687663312419,0.0,23.48934573958082
2020-04-01,125.8527,4.65,6.76515,76.19045,10.3207682527,5.448694047827529,-25.59999999999999,-8.838679032350427,9.74696696303068,0.0,23.645875371946037
2020-05-01,126.2353,4.49,5.91544,75.6670523809524,10.3207682527,5.09554193155215,-28.159999999999997,-19.266285433527585,8.406923720072212,0.0,17.33283697674461
2020-06-01,127.0003,4.25,5.8551,75.7491272727273,10.3207682527,5.063294280764863,-29.166666666666664,-15.972187340791177,9.104736385123724,0.0,18.65573629035759
2020-07-01,128.5304,4.25,5.81452,74.9667173913043,10.3207682527,5.329130998447873,-29.166666666666664,-11.87083426484129,9.012798283952051,0.0,20.75155674394268
2020-08-01,129.2955,4.25,6.0105,74.6297952380952,10.3207682527,5.625035229993669,-25.699300699300696,-9.194877868961427,4.910968003753569,0.0,20.82595563468602
2020-09-01,130.1179,4.25,6.024675,73.5113909090909,10.3207682527,5.636614572762322,-24.77876106194691,-11.575436459304155,2.9974113586178186,0.0,19.00579891384102
2020-10-01,131.6603,4.25,5.94484,73.4861363636364,10.3207682527,5.902144903661943,-21.2962962962963,-9.125317190987193,3.426535521410745,0.0,21.79812816920031
2020-11-01,132.101,4.25,5.8952,74.2792857142857,10.3207682527,5.28476084361067,-21.2962962962963,-11.149694497948747,3.9176826109951435,0.0,19.932338117337423
2020-12-01,130.8891,4.25,5.8929,73.6197826086957,10.3207682527,3.686607470335179,-21.2962962962963,-13.954362768897177,3.4238394040285725,0.0,14.902714216055841
2021-01-01,130.22799999999998,4.25,5.94162,73.1004238095238,10.3207682527,3.162902928103306,-21.2962962962963,-12.902459761353303,2.53594302875797,0.0,13.537458471233666
2021-02-01,131.1094,4.25,6.1935,72.78943,10.3207682527,4.494453663100861,-21.2962962962963,-6.999617096994582,1.804067802963183,0.0,18.347747695238116
2021-03-01,131.7705,4.25,6.350775,72.8020652173913,10.3207682527,5.66568648756145,-18.46522781774581,-5.2345903761429335,-2.273400906776024,0.0,19.91842023630065
2021-04-01,132.3214,4.25,6.2801,74.4425363636364,10.3207682527,5.139897674026872,-8.602150537634412,-7.169833632661515,-2.2941374363369627,0.0,20.774275968036452
2021-05-01,132.8723,4.25,6.225375,73.2073380952381,10.3207682527,5.257641879886221,-5.345211581291764,5.239424286274552,-3.250707154985566,0.0,26.03887803590515
2021-06-01,134.0842,4.25,6.267675,73.5653909090909,10.3207682527,5.577860839698823,0.0,7.046421068811792,-2.882853495821913,0.0,29.20463382293164
2021-07-01,135.2961,4.25,6.20842,74.5390636363636,10.3207682527,5.263890877177713,0.0,6.774419900524897,-0.570458157729492,0.0,29.84689881421412
2021-08-01,135.5165,4.25,6.280325,74.1423590909091,10.3207682527,4.811459022162423,0.0,4.48922718575826,-0.6531387974883396,0.0,27.897391786135273
2021-09-01,135.847,4.25,6.1883,73.5911136363636,10.3207682527,4.403006811514798,0.0,2.715914136447184,0.10844948828581114,0.0,26.7759203856319
2021-10-01,137.6098,4.25,6.35978,74.9825761904762,10.3207682527,4.518826100198758,0.0,6.979834612874347,2.036356652954052,0.0,29.86804143401315
2021-11-01,138.4912,4.25,6.354375,74.4915636363636,10.3207682527,4.837359293268029,0.0,7.78896390283621,0.28578347252075087,0.0,29.79424511007943
2021-12-01,138.1607,4.25,6.44032,75.3579565217391,10.3207682527,5.5555428221295555,0.0,9.289483955268206,2.361014731980604,0.0,33.31817206059608
2022-01-01,137.8302,4.25,6.643025,74.426480952381,10.3207682527,5.837607887704643,0.0,11.80494545258699,1.814021142083222,0.0,34.56561754621371
2022-02-01,137.72,4.25,6.750475,74.99117,10.3207682527,5.042048853857928,0.0,8.992895777831599,3.024807310621891,0.0,32.45055362402783
2022-03-01,138.8218,4.25,6.819825,76.2014913043478,10.3207682527,5.351197726349977,0.0,7.385712767339414,4.669408864715052,0.0,33.5942270192152
2022-04-01,140.6947,4.25,7.1058,76.1565,10.3207682527,6.328001366370062,0.0,13.147879810831054,2.302398225647795,0.0,36.50390458366161
2022-05-01,142.127,4.65,7.38565,77.2902227272727,10.3207682527,6.965108604276438,9.411764705882364,18.63783306226534,5.577152152046616,0.0,44.77857371008228
2022-06-01,142.3474,5.025,7.529625,78.0869818181818,10.3207682527,6.162694784322076,18.23529411764706,20.134260311838137,6.146356123735552,0.0,46.37181405157961
2022-07-01,143.1186,5.15,7.40206,79.6024333333333,10.3207682527,5.7817631106883205,21.176470588235308,19.2261477155218,6.792907570815743,0.0,46.40216457768446
2022-08-01,143.4492,5.65,7.27475,79.571247826087,10.3207682527,5.8536783343725585,32.94117647058825,15.833973560285486,7.32224979315983,0.0,48.966613005721605
2022-09-01,144.6611,5.75,7.280374,80.2520909090909,10.3207682527,6.488255169418533,35.29411764705883,17.64739912415365,9.051333705372677,0.0,52.866332297173635
2022-10-01,145.9832,6.15,7.464925,82.3744571428571,10.3207682527,6.084886396172373,44.705882352941195,17.377094805166227,9.858131485911482,0.0,55.02546657817752
2022-11-01,145.9832,6.15,7.357575,81.7862863636364,10.3207682527,5.409730004505708,44.705882352941195,15.78754794924755,9.792683051845398,0.0,52.83882698266557
2022-12-01,145.7628,6.43,7.29416,82.5275454545455,10.3207682527,5.5023606568293415,51.294117647058826,13.257726324157804,9.514043723754817,0.0,53.793367482747094
2023-01-01,146.3137,6.5,7.39,81.8510727272727,10.3207682527,6.155037139901132,52.941176470588225,11.244500811001013,9.975739387224337,0.0,55.29000771654957
2023-02-01,146.2036,6.6875,7.334525,82.60746,10.3207682527,6.160034853325591,57.35294117647059,8.651983749291725,10.15624906238961,0.0,55.69249324179447
2023-03-01,146.8646,6.75,7.36,82.3334260869565,10.3207682527,5.793614547571058,58.823529411764696,7.920657788139729,8.047001020121547,0.0,53.66031553506161
2023-04-01,147.8562,6.75,7.18,82.008815,10.3207682527,5.090099342761301,58.823529411764696,1.0442173998705284,7.684590284479986,0.0,49.2289321206142
2023-05-01,148.4071,6.75,7.0125,82.3099434782609,10.3207682527,4.418653739261358,45.161290322580626,-5.052365059270336,6.494638744541925,0.0,40.759186579335896
2023-06-01,150.2801,6.75,7.054,82.2246363636364,10.3207682527,5.572774774951994,34.32835820895521,-6.316715639889104,5.298776376181058,0.0,39.09130005177183
2023-07-01,153.9159,6.75,7.1125,82.1503619047619,10.3207682527,7.54430241771511,31.06796116504853,-3.91188398905169,3.2008174433050485,0.0,42.258377343841346
2023-08-01,153.365,6.75,7.185,82.7945826086956,10.3207682527,6.912412198882967,19.469026548672552,-1.2337193717997241,4.050878766729427,0.0,39.06270321905714
2023-09-01,151.49200000000002,6.75,7.172,83.068580952381,10.3207682527,4.722001975652068,17.391304347826097,-1.4885773725360818,3.509553472545157,0.0,33.01683096422145
2023-10-01,152.4836,6.75,7.35,83.2253272727273,10.3207682527,4.452841148844522,9.756097560975597,-1.5395332170115572,1.0329295747522727,0.0,28.644011509510158
2023-11-01,153.2548,6.75,7.27,83.3067931818182,10.3207682527,4.981121115306397,9.756097560975597,-1.1902698919141197,1.8591219699368056,0.0,30.508565388277873
2023-12-01,152.9243,6.75,7.224,83.2652380952381,10.3207682527,4.913119122300058,4.976671850699854,-0.9618653827171308,0.8938744471673532,0.0,28.46987945922796
2024-01-01,153.0345,6.75,7.2025,83.1144565217391,10.3207682527,4.59341811463998,3.8461538461538547,-2.5372124492557546,1.5435152556595,0.0,27.23419007851998
2024-02-01,153.365,6.75,7.09,82.9759238095238,10.3207682527,4.898237799890026,0.9345794392523255,-3.333890061046907,0.44604180969103346,0.0,26.110204238568436
2024-03-01,153.0345,6.75,7.068,83.0396166666667,10.3207682527,4.201080450973227,0.0,-3.9673913043478337,0.8577203855993698,0.0,24.26986508933625
2024-04-01,153.5853,6.75,7.15,83.3910522727273,10.3207682527,3.8747783319197815,0.0,-0.41782729805013297,1.6854740221856623,0.0,25.38379142588701
2024-05-01,154.1362,6.75,7.054,83.3922282608696,10.3207682527,3.8603948193853155,0.0,0.5918003565062335,1.314889473705616,0.0,25.49662225674715
2024-06-01,155.7889,6.75,7.0225,83.4813125,10.3207682527,3.665688271434475,0.0,-0.4465551460164474,1.5283450215650474,0.0,24.79460569423082
2024-07-01,157.2212,6.75,7.0075,83.605002173913,10.3207682527,2.1474714438209475,0.0,-1.4762741652021072,1.7707046389369374,0.0,21.082814439186194
2024-08-01,157.111,6.75,6.91,83.9067340909091,10.3207682527,2.4425390408502556,0.0,-3.8274182324286588,1.3432660050594736,0.0,20.602262963669286
2024-09-01,157.8822,6.75,6.8325,83.8203595238095,10.3207682527,4.218176537374907,0.0,-4.733686558839933,0.9050095268383851,0.0,24.05026089992536
2024-10-01,159.2043,6.75,6.785,84.0207891304348,10.3207682527,4.407490379293244,0.0,-7.687074829931961,0.9557930064976405,0.0,23.403338233147927
2024-11-01,159.2043,6.75,6.812,84.3607142857143,10.3207682527,3.8820970044657566,0.0,-6.299862448418148,1.265108238647361,0.0,22.918426822982862
2024-12-01,158.3229,6.75,6.7775,84.9988954545454,10.3207682527,3.530243394934618,0.0,-6.180786267995575,2.08209019630059,0.0,22.67459861085174
2025-01-01,157.77200000000002,6.75,6.758,86.2594869565217,10.3207682527,3.095707177139806,0.0,-6.171468240194377,3.7839752149013917,0.0,22.760228109816076
2025-02-01,157.3313,6.5,6.7325,87.08497,10.3207682527,2.5861832882339453,-3.703703703703709,-5.042313117066288,4.952094537577856,0.0,21.705796740269527
2025-03-01,157.5517,6.5,6.6825,86.541519047619,10.3207682527,2.9517527093563922,-3.703703703703709,-5.454159592529706,4.217146612091738,0.0,21.92267106366503
2025-04-01,157.5517,6.3125,6.455,85.5778431818182,10.3207682527,2.5825388237025404,-6.481481481481477,-9.720279720279724,2.622332791699389,0.0,17.670987544792926
2025-05-01,157.5517,6.25,6.272,85.2506045454546,10.3207682527,2.215897368690811,-7.4074074074074066,-11.085908704281255,2.228476589894668,0.0,15.804347535400538
2025-06-01,157.5517,5.75,6.3075,85.9375928571429,10.3207682527,1.1315311938141948,-14.814814814814813,-10.181559273762907,2.9423116187145437,0.0,12.008734162063952
2025-07-01,157.5517,5.75,6.35,86.1374217391304,10.3207682527,0.2102133808926432,-14.814814814814813,-9.382804138423129,3.0290287654673342,0.0,10.254398423618738
2025-08-01,157.5517,5.75,6.522,87.5746452380952,10.3207682527,0.28050232001579634,-14.814814814814813,-5.615050651230103,4.371414507936988,0.0,12.68465018548683
2025-09-01,157.5517,5.75,6.585,88.320825,10.3207682527,-0.20933328772971826,-14.814814814814813,-3.622392974753008,5.369179399561186,0.0,12.945095078503126
2025-10-01,157.5517,5.75,6.482,88.3938891304348,10.3207682527,-1.038037289193805,-14.814814814814813,-4.465733235077374,5.204783298584759,0.0,10.625265079181947
2025-11-01,157.5517,5.75,6.5375,88.8611275,10.3207682527,-1.038037289193805,-14.814814814814813,-4.029653552554324,5.334726302866066,0.0,10.871814727916728
2025-12-01,157.5517,5.5,6.6325,90.0201369565217,10.3207682527,-0.4871057819178404,-18.518518518518523,-2.139431943932124,5.907419708367256,0.0,12.156013045163977
2026-01-01,157.5517,5.5,6.732,90.8659431818182,10.3207682527,-0.13963187384327114,-18.518518518518523,-0.38472920982538517,5.340231420131603,0.0,13.253873986598009
2026-02-01,157.5517,5.5,6.77,90.74488,10.3207682527,0.14008655620338928,-15.384615384615385,0.5569996286669099,4.20268847770171,0.0,14.419620845571266
2026-03-01,157.5517,5.5,6.84,92.8805681818182,10.3207682527,0.0,-15.384615384615385,2.3569023569023573,7.324864647581664,0.0,16.753345130649627
2026-04-01,157.5517,5.5,7.05,93.5732386363636,10.3207682527,0.0,-12.871287128712872,9.217660728117739,9.342833562138786,0.0,21.329644873842902
2026-05-01,157.5517,5.5,7.02,95.5205357142857,10.3207682527,0.0,-12.0,11.926020408163263,12.04675465187497,0.0,24.30925277064678
