Date,CPI (Inflation Level),Interbank Interest Rate,10-Year Bond Yield,USD/INR Exchange Rate,M3 Money Supply Growth
1952-05-01,,,,,-8.0492402759
1952-06-01,,,,,-7.4546188565
1952-07-01,,,,,-6.1750490111
1952-08-01,,,,,-5.3010400647
1952-09-01,,,,,-4.1238266926
1952-10-01,,,,,-3.6169023689
1952-11-01,,,,,-3.4018438416
1952-12-01,,,,,-2.7589756124
1953-01-01,,,,,-3.0233231371
1953-02-01,,,,,-2.7689068629
1953-03-01,,,,,-1.4420943549
1953-04-01,,,,,0.3563267996
1953-05-01,,,,,1.6091297868
1953-06-01,,,,,1.3371461882
1953-07-01,,,,,0.4774246057
1953-08-01,,,,,0.2214431926
1953-09-01,,,,,0.210821377
1953-10-01,,,,,0.7063680967
1953-11-01,,,,,2.0112063909
1953-12-01,,,,,2.4159161787
1954-01-01,,,,,2.9390679581
1954-02-01,,,,,3.8299662754
1954-03-01,,,,,3.8546249822
1954-04-01,,,,,3.1136916574
1954-05-01,,,,,2.617818293
1954-06-01,,,,,2.659883672
1954-07-01,,,,,3.1118012059
1954-08-01,,,,,3.9937734759
1954-09-01,,,,,5.106795636
1954-10-01,,,,,5.8741517938
1954-11-01,,,,,5.819108128
1954-12-01,,,,,6.620965889
1955-01-01,,,,,7.1392680631
1955-02-01,,,,,7.011924075
1955-03-01,,,,,7.6666182286
1955-04-01,,,,,8.1728246177
1955-05-01,,,,,8.8113485476
1955-06-01,,,,,10.204403609
1955-07-01,,,,,11.3889915679
1955-08-01,,,,,11.7546509475
1955-09-01,,,,,11.7242570973
1955-10-01,,,,,11.7894168213
1955-11-01,,,,,11.9972542227
1955-12-01,,,,,11.887244644
1956-01-01,,,,,12.0615957572
1956-02-01,,,,,12.0031173994
1956-03-01,,,,,12.1635183728
1956-04-01,,,,,12.705628588
1956-05-01,,,,,12.5484040837
1956-06-01,,,,,11.6144577916
1956-07-01,,,,,10.5232508701
1956-08-01,,,,,9.9110144373
1956-09-01,,,,,9.0594087117
1956-10-01,,,,,7.9851234634
1956-11-01,,,,,7.6449059269
1956-12-01,,,,,7.474552691
1957-01-01,1.471388,,,4.7619,7.1637906014
1957-02-01,1.471388,,,4.7619,7.505250246
1957-03-01,1.471388,,,4.7619,7.3540236415
1957-04-01,1.500524,,,4.7619,7.200092435
1957-05-01,1.51145,,,4.7619,8.0835134348
1957-06-01,1.540586,,,4.7619,8.9360064655
1957-07-01,1.540586,,,4.7619,9.2868089361
1957-08-01,1.5551549999999998,,,4.7619,8.778760564
1957-09-01,1.566081,,,4.7619,8.9803292203
1957-10-01,1.5551549999999998,,,4.7619,10.2307869915
1957-11-01,1.566081,,,4.7619,10.2605846938
1957-12-01,1.5551549999999998,,,4.7619,9.950100668
1958-01-01,1.526018,,,4.7619,10.3111268258
1958-02-01,1.51145,,,4.7619,10.3305067829
1958-03-01,1.51145,,,4.7619,10.2197328313
1958-04-01,1.526018,,,4.7619,10.1173955304
1958-05-01,1.5551549999999998,,,4.7619,8.9102706641
1958-06-01,1.595217,,,4.7619,7.6590004364
1958-07-01,1.6352799999999998,,,4.7619,7.8941147957
1958-08-01,1.649848,,,4.7619,8.8023257741
1958-09-01,1.664416,,,4.7619,9.1053676032
1958-10-01,1.6899099999999998,,,4.7619,9.0914465894
1958-11-01,1.678984,,,4.7619,9.5099428758
1958-12-01,1.6352799999999998,,,4.7619,9.8068377644
1959-01-01,1.609785,,,4.7619,9.4260799376
1959-02-01,1.624354,,,4.7619,9.4287453609
1959-03-01,1.609785,,,4.7619,9.8491237925
1959-04-01,1.609785,,,4.7619,10.2142565674
1959-05-01,1.6352799999999998,,,4.7619,11.0021669252
1959-06-01,1.664416,,,4.7619,11.9333365773
1959-07-01,1.704479,,,4.7619,11.9646939842
1959-08-01,1.7190470000000002,,,4.7619,12.0735365006
1959-09-01,1.704479,,,4.7619,12.4516417593
1959-10-01,1.7336150000000001,,,4.7619,12.2390073989
1959-11-01,1.7336150000000001,,,4.7619,12.039557654
1959-12-01,1.704479,,,4.7619,12.0423751101
1960-01-01,1.678984,,,4.7619,12.4653058201
1960-02-01,1.678984,,,4.7619,12.5383297858
1960-03-01,1.664416,,,4.7619,12.0650193704
1960-04-01,1.678984,,,4.7619,11.3674861269
1960-05-01,1.6899099999999998,,,4.7619,10.8457051425
1960-06-01,1.704479,,,4.7619,10.5834207712
1960-07-01,1.7336150000000001,,,4.7619,10.1633741911
1960-08-01,1.7336150000000001,,,4.7619,9.7514552917
1960-09-01,1.7190470000000002,,,4.7619,8.765086452
1960-10-01,1.7190470000000002,,,4.7619,7.2380557443
1960-11-01,1.704479,,,4.7619,5.3333380477
1960-12-01,1.704479,,,4.7619,4.1559634434
1961-01-01,1.6899099999999998,,,4.7619,3.6220510222
1961-02-01,1.6899099999999998,,,4.7619,2.638059498
1961-03-01,1.704479,,,4.7619,2.193489535
1961-04-01,1.704479,,,4.7619,1.5023004482
1961-05-01,1.704479,,,4.7619,0.5688520356
1961-06-01,1.7190470000000002,,,4.7619,0.1238136694
1961-07-01,1.7481830000000003,,,4.7619,0.0034359937
1961-08-01,1.759109,,,4.7619,0.1551489499
1961-09-01,1.759109,,,4.7619,0.4062576917
1961-10-01,1.759109,,,4.7619,1.0490399686
1961-11-01,1.759109,,,4.7619,2.6957436692
1961-12-01,1.759109,,,4.7619,3.8523939374
1962-01-01,1.7481830000000003,,,4.7619,4.3755828333
1962-02-01,1.7481830000000003,,,4.7619,5.6825283005
1962-03-01,1.7481830000000003,,,4.7619,6.8043373384
1962-04-01,1.759109,,,4.7619,8.094886515
1962-05-01,1.7736779999999999,,,4.7619,9.5231755063
1962-06-01,1.788246,,,4.7619,10.127090306
1962-07-01,1.8137400000000001,,,4.7619,10.4548745128
1962-08-01,1.8283080000000003,,,4.7619,10.2718805875
1962-09-01,1.8283080000000003,,,4.7619,10.3200097511
1962-10-01,1.8428759999999997,,,4.7619,10.9674352024
1962-11-01,1.8283080000000003,,,4.7619,10.8520740687
1962-12-01,1.802814,,,4.7619,10.3075201169
1963-01-01,1.788246,,,4.7619,9.780358147
1963-02-01,1.7736779999999999,,,4.7619,8.9533936256
1963-03-01,1.788246,,,4.7619,7.9219684404
1963-04-01,1.802814,,,4.7619,7.4845332351
1963-05-01,1.8137400000000001,,,4.7619,7.113877443
1963-06-01,1.8428759999999997,,,4.7619,7.1286201487
1963-07-01,1.857445,,,4.7619,7.6187795235
1963-08-01,1.8720130000000001,,,4.7619,7.9603099083
1963-09-01,1.882939,,,4.7619,8.471879968
1963-10-01,1.897507,,,4.7619,9.1048603288
1963-11-01,1.897507,,,4.7619,9.5791760577
1963-12-01,1.9266439999999998,,,4.7619,9.9385859119
1964-01-01,1.9266439999999998,,,4.7619,10.6588528081
1964-02-01,1.9521380000000002,,,4.7619,11.1261149175
1964-03-01,1.966706,,,4.7619,10.9523695169
1964-04-01,1.9812740000000002,,,4.7619,10.685462682
1964-05-01,2.021337,,,4.7619,10.8328545801
1964-06-01,2.061399,,,4.7619,10.8980597334
1964-07-01,2.119672,,,4.7619,10.7185520434
1964-08-01,2.145166,,,4.7619,11.1152841553
1964-09-01,2.185229,,,4.7619,11.1094677068
1964-10-01,2.243502,,,4.7619,10.0295481416
1964-11-01,2.243502,,,4.7619,9.6234905722
1964-12-01,2.254428,,,4.7619,9.5757027008
1965-01-01,2.268996,,,4.7619,8.934094735
1965-02-01,2.228934,,,4.7619,8.8292163702
1965-03-01,2.185229,,,4.7619,9.146149362
1965-04-01,2.1997970000000002,,,4.7619,9.5980806946
1965-05-01,2.2143650000000004,,,4.7619,10.0926234289
1965-06-01,2.243502,,,4.7619,9.9902929467
1965-07-01,2.309059,,,4.7619,9.7649036936
1965-08-01,2.3381950000000002,,,4.7619,9.4293532894
1965-09-01,2.3673319999999998,,,4.7619,9.1972798843
1965-10-01,2.3673319999999998,,,4.7619,9.6189382814
1965-11-01,2.378258,,,4.7619,9.8946806212
1965-12-01,2.378258,,,4.7619,10.274241723
1966-01-01,2.378258,,,4.7619,10.8469513303
1966-02-01,2.392826,,,4.7619,10.9889711045
1966-03-01,2.392826,,,4.7619,11.2819092742
1966-04-01,2.407394,,,4.7619,11.5500188502
1966-05-01,2.487519,,,4.7619,11.4765514674
1966-06-01,2.5457919999999996,,,7.5,11.5078628935
1966-07-01,2.585854,,,7.5,11.7761096038
1966-08-01,2.611349,,,7.5,11.7593000583
1966-09-01,2.625917,,,7.5,11.3334671962
1966-10-01,2.640485,,,7.5,11.1597314394
1966-11-01,2.669621,,,7.5,11.363407585
1966-12-01,2.709684,,,7.5,11.3406040948
1967-01-01,2.709684,,,7.5,10.9388678152
1967-02-01,2.724252,,,7.5,10.7696959496
1967-03-01,2.749747,,,7.5,10.9737791989
1967-04-01,2.778883,,,7.5,10.0722585266
1967-05-01,2.833513,,,7.5,9.1148604525
1967-06-01,2.9027130000000003,,,7.5,8.8978055905
1967-07-01,2.928207,,,7.5,8.2669414522
1967-08-01,2.957343,,,7.5,8.0376345573
1967-09-01,2.942775,,,7.5,8.7830598843
1967-10-01,2.982838,,,7.5,9.2379683554
1967-11-01,2.971911,,,7.5,8.9554433632
1967-12-01,2.942775,,,7.5,9.093132783
1968-01-01,3.0265419999999996,6.0,,7.5,9.3491079332
1968-02-01,2.982838,6.0,,7.5,9.223566709
1968-03-01,2.928207,5.0,,7.5,9.2556721971
1968-04-01,2.942775,5.0,,7.5,10.02528097
1968-05-01,2.917281,5.0,,7.5,10.3451593502
1968-06-01,2.942775,5.0,,7.5,10.5107089083
1968-07-01,2.928207,5.0,,7.5,11.1306577599
1968-08-01,2.993764,5.0,,7.5,11.1670305567
1968-09-01,3.0119740000000004,5.0,,7.5,10.8999777569
1968-10-01,3.0265419999999996,5.0,,7.5,10.7645527864
1968-11-01,2.960985,5.0,,7.5,10.4241667827
1968-12-01,2.877218,5.0,,7.5,9.8231789823
1969-01-01,2.859008,5.0,,7.5,10.0053468723
1969-02-01,2.84444,5.0,,7.5,10.8286752709
1969-03-01,2.859008,5.0,,7.5,11.2880060673
1969-04-01,2.877218,5.0,,7.5,11.6616028814
1969-05-01,2.909997,5.0,,7.5,12.3881283992
1969-06-01,2.993764,5.0,,7.5,13.0989016724
1969-07-01,3.0119740000000004,5.0,,7.5,13.4141889368
1969-08-01,3.0119740000000004,5.0,,7.5,13.4385408453
1969-09-01,3.0119740000000004,5.0,,7.5,12.8992794002
1969-10-01,2.993764,5.0,,7.5,12.5343904035
1969-11-01,2.979196,5.0,,7.5,13.3846241891
1969-12-01,2.979196,5.0,,7.5,13.7760134479
1970-01-01,2.979196,5.0,,7.5,13.5944846014
1970-02-01,2.979196,5.0,,7.5,13.3966088617
1970-03-01,3.0119740000000004,5.0,,7.5,12.7764577715
1970-04-01,3.044752,5.0,,7.5,14.4318442089
1970-05-01,3.077531,5.0,,7.5,16.286829104
1970-06-01,3.1139509999999997,5.0,,7.5,15.764669271
1970-07-01,3.12852,5.0,,7.5,15.5835341779
1970-08-01,3.14673,5.0,,7.5,16.0280781505
1970-09-01,3.161298,5.0,,7.5,17.0486071095
1970-10-01,3.1795080000000002,5.0,,7.5,18.2117618577
1970-11-01,3.1795080000000002,5.0,,7.5,18.0402788993
1970-12-01,3.12852,5.0,,7.5,17.5973493032
1971-01-01,3.095741,6.0,,7.5,17.7467124539
1971-02-01,3.095741,6.0,,7.5,18.1165046664
1971-03-01,3.095741,6.0,,7.5,18.2939480829
1971-04-01,3.095741,6.0,,7.5,15.8466503054
1971-05-01,3.095741,6.0,,7.5,13.6859035483
1971-06-01,3.14673,6.0,,7.5,13.9145137539
1971-07-01,3.197718,6.0,,7.5,13.7887992437
1971-08-01,3.263275,6.0,,7.5,13.7486984021
1971-09-01,3.2960540000000003,6.0,,7.5,13.9093317225
1971-10-01,3.2960540000000003,6.0,,7.5,13.6348156261
1971-11-01,3.314264,6.0,,7.5,13.844317184
1971-12-01,3.281486,6.0,,7.4032,15.345771001
1972-01-01,3.263275,6.0,,7.3746,15.9147608486
1972-02-01,3.2450650000000003,6.0,,7.2839,15.1617621115
1972-03-01,3.263275,6.0,,7.2369,15.1438699771
1972-04-01,3.281486,6.0,,7.2674,15.1925601639
1972-05-01,3.2960540000000003,6.0,,7.2616,15.349306001
1972-06-01,3.3798209999999997,6.0,,7.3632,16.2297003839
1972-07-01,3.4490199999999995,6.0,,7.764,16.6628517609
1972-08-01,3.4817980000000004,6.0,,7.7417,16.7429492097
1972-09-01,3.5000080000000002,6.0,,7.7706,16.2925158185
1972-10-01,3.5145769999999996,6.0,,7.9164,15.7589792549
1972-11-01,3.5327870000000003,6.0,,8.0645,16.0494280095
1972-12-01,3.5327870000000003,6.0,,8.0887,15.9854858203
1973-01-01,3.5327870000000003,6.0,,8.0509,15.8329785458
1973-02-01,3.5837760000000003,6.0,,7.8186,16.5781788852
1973-03-01,3.634764,6.0,,7.6576,17.8484143824
1973-04-01,3.7185309999999996,6.0,,7.6388,19.3313316723
1973-05-01,3.8350769999999996,7.0,,7.494,20.0031107249
1973-06-01,3.9188440000000004,7.0,,7.3632,19.5211168095
1973-07-01,4.086378,7.0,,7.4616,19.8089386404
1973-08-01,4.155577,7.0,,7.6576,20.1098300529
1973-09-01,4.173788,7.0,,7.8345,20.7792132819
1973-10-01,4.272123000000001,7.0,,7.8119,21.4953106447
1973-11-01,4.3558900000000005,7.0,,7.9365,20.9632437192
1973-12-01,4.3741,7.0,,8.1793,19.954790426
1974-01-01,4.439657,7.0,,8.5288,19.6088356766
1974-02-01,4.490645,7.0,,8.3375,19.3241227958
1974-03-01,4.625401,7.0,,8.1096,18.097065216
1974-04-01,4.7601569999999995,7.0,,7.9428,17.3023671233
1974-05-01,4.945901,7.0,,7.8573,16.9813292197
1974-06-01,5.062447,7.0,,7.9365,16.4191816339
1974-07-01,5.233624,9.0,,7.9428,15.8590625903
1974-08-01,5.401158000000001,9.0,,8.0854,15.1146567475
1974-09-01,5.619680000000001,9.0,,8.19,13.8512010857
1974-10-01,5.634249,9.0,,8.1334,12.8788061537
1974-11-01,5.5686919999999995,9.0,,8.0775,12.3644145071
1974-12-01,5.484925,9.0,,8.0775,11.9533348719
1975-01-01,5.484925,9.0,,7.8864,11.6861094997
1975-02-01,5.466714,9.0,,7.8309,11.7165603626
1975-03-01,5.401158000000001,9.0,,7.7459,11.3682497365
1975-04-01,5.433936,9.0,,7.8989,10.7253379869
1975-05-01,5.499493,9.0,,8.071,10.4943925033
1975-06-01,5.517703,9.0,,8.19,10.7712644631
1975-07-01,5.452147,9.0,,8.489,11.1365638654
1975-08-01,5.401158000000001,9.0,,8.7951,11.616796455
1975-09-01,5.368379,9.0,,8.8652,12.0670679218
1975-10-01,5.3173900000000005,9.0,,8.881,12.6469721763
1975-11-01,5.299181,9.0,,8.9047,13.2390228853
1975-12-01,5.146214,9.0,,8.9526,13.1721235285
1976-01-01,5.0151,9.0,,8.9127,13.2241885317
1976-02-01,4.880344999999999,9.0,,8.9206,13.6994961855
1976-03-01,4.811146,9.0,,8.959,14.440244618
1976-04-01,4.862133999999999,9.0,,9.0637,15.181259678
1976-05-01,4.880344999999999,9.0,,9.0802,16.0024937416
1976-06-01,4.894913,9.0,,9.0465,16.6618896482
1976-07-01,4.9968900000000005,9.0,,8.9302,16.9582941102
1976-08-01,5.0151,9.0,,8.9405,17.7555325267
1976-09-01,5.0806569999999995,9.0,,9.0293,19.2165734766
1976-10-01,5.113436,9.0,,8.927,20.2702504142
1976-11-01,5.146214,9.0,,8.9047,20.7360481831
1976-12-01,5.146214,9.0,,8.8106,22.5077256238
1977-01-01,5.1644239999999995,9.0,,8.8511,23.1699251408
1977-02-01,5.215413,9.0,,8.855,22.0735068768
1977-03-01,5.2481919999999995,9.0,,8.8215,22.6273554851
1977-04-01,5.266401999999999,9.0,,8.8121,23.1340295253
1977-05-01,5.350169,9.0,,8.816,22.3122686319
1977-06-01,5.382947,9.0,,8.8129,21.5086470947
1977-07-01,5.466714,9.0,,8.7989,20.9622458623
1977-08-01,5.499493,9.0,,8.7078,20.4701785138
1977-09-01,5.5686919999999995,9.0,,8.6919,19.9195662728
1977-10-01,5.550482,9.0,,8.5771,19.1634306835
1977-11-01,5.550482,9.0,,8.6304,19.0741441429
1977-12-01,5.550482,9.0,,8.4882,19.0207951751
1978-01-01,5.466714,9.0,,8.1123,18.8331220201
1978-02-01,5.382947,9.0,,8.0847,19.1160391524
1978-03-01,5.401158000000001,9.0,,8.2183,18.7259798183
1978-04-01,5.415726,9.0,,8.4739,18.6322526767
1978-05-01,5.433936,9.0,,8.583,19.0712099693
1978-06-01,5.499493,9.0,,8.3375,19.482090023
1978-07-01,5.550482,9.0,,8.0887,19.5935385691
1978-08-01,5.5686919999999995,9.0,,8.0489,19.2962821724
1978-09-01,5.6524589999999995,9.0,,8.0141,19.4722959036
1978-10-01,5.721658000000001,9.0,,7.912,20.0057431911
1978-11-01,5.721658000000001,9.0,,8.2467,20.1591702539
1978-12-01,5.634249,9.0,,8.194,20.661232815
1979-01-01,5.586901999999999,9.0,,8.188,22.1033956006
1979-02-01,5.535913,9.0,,8.2122,22.2157039731
1979-03-01,5.586901999999999,9.0,,8.1739,21.6742300805
1979-04-01,5.670669,9.0,,8.2082,21.1491685977
1979-05-01,5.703448000000001,9.0,,8.2406,20.7137070811
1979-06-01,5.805425,9.0,,8.0795,21.4995044602
1979-07-01,5.940181,9.0,,7.8715,22.4879798677
1979-08-01,6.056726,9.0,,8.0218,23.432074586
1979-09-01,6.107715,9.0,,8.1011,22.7070179739
1979-10-01,6.140493,9.0,,8.2088,21.2878629894
1979-11-01,6.191482,9.0,,8.134,20.4142679197
1979-12-01,6.2934589999999995,9.0,,8.0697,18.6750791659
1980-01-01,6.242471,9.0,,7.9359,17.2342878508
1980-02-01,6.20605,9.0,,7.9296,17.7384283018
1980-03-01,6.275249,9.0,,8.1136,18.194073128
1980-04-01,6.308028,9.0,,8.0509,18.1348293612
1980-05-01,6.428216,9.0,,7.879,17.9955801009
1980-06-01,6.493772,9.0,,7.8321,16.194484464
1980-07-01,6.628528,9.0,,7.7483,14.7066176551
1980-08-01,6.679517,9.0,,7.767,13.8972816329
1980-09-01,6.763284,9.0,,7.7256,14.1764418356
1980-10-01,6.828841000000001,9.0,,7.7101,15.2716257779
1980-11-01,6.9126080000000005,9.0,,7.7688,16.2552977246
1980-12-01,6.865261,9.0,,7.8945,16.9234404677
1981-01-01,6.9126080000000005,9.0,,7.9422,17.2839257958
1981-02-01,7.032795,9.0,,8.1826,17.5350734042
1981-03-01,7.065574000000001,9.0,,8.2109,17.8140819561
1981-04-01,7.182119,9.0,,8.2508,18.198253792
1981-05-01,7.284097,9.0,,8.3914,18.4795121226
1981-06-01,7.386074000000001,9.0,,8.5866,19.3445827365
1981-07-01,7.52083,10.0,,8.87,20.1684081698
1981-08-01,7.637375,10.0,,8.992,19.6575493359
1981-09-01,7.670153999999999,10.0,,9.0909,18.7713455863
1981-10-01,7.7393529999999995,10.0,,9.1567,18.7206616369
1981-11-01,7.772131,10.0,,9.1108,17.7173975293
1981-12-01,7.7393529999999995,10.0,,9.1174,16.7932530815
1982-01-01,7.7211419999999995,10.0,,9.1241,15.8422682279
1982-02-01,7.706574000000001,10.0,,9.1861,14.5979446689
1982-03-01,7.688364,10.0,,9.2756,13.5095672761
1982-04-01,7.7211419999999995,10.0,,9.358,12.9950762604
1982-05-01,7.772131,10.0,,9.2756,13.2183987541
1982-06-01,7.906886999999999,10.0,,9.4277,13.1640542447
1982-07-01,8.041642999999999,10.0,,9.5365,12.7271664892
1982-08-01,8.209177,10.0,,9.5538,13.323640617
1982-09-01,8.227387,10.0,,9.6191,14.290954084
1982-10-01,8.260164999999999,10.0,,9.6656,13.7298787689
1982-11-01,8.343933,10.0,,9.7551,14.0665244344
1982-12-01,8.362143,10.0,,9.6843,16.0707453679
1983-01-01,8.325723,10.0,,9.7905,16.5958720606
1983-02-01,8.413132000000001,10.0,,9.9039,15.9215151063
1983-03-01,8.445910000000001,10.0,,9.9691,16.3470863027
1983-04-01,8.547888,10.0,,9.978,16.7230078812
1983-05-01,8.76641,10.0,,9.994,16.8429463697
1983-06-01,8.966722,10.0,,10.0523,17.0562367621
1983-07-01,9.101479,10.0,,10.0847,17.6448688411
1983-08-01,9.236235,10.0,,10.1698,17.7442331684
1983-09-01,9.320002,10.0,,10.1885,17.3175987184
1983-10-01,9.385558,10.0,,10.2239,17.7178491447
1983-11-01,9.436547000000001,10.0,,10.3498,17.9986073236
1983-12-01,9.403769,10.0,,10.4822,17.4069113261
1984-01-01,9.472968,10.0,,10.717,17.4577476005
1984-02-01,9.436547000000001,10.0,,10.756,18.1032065455
1984-03-01,9.385558,10.0,,10.749,18.251714039
1984-04-01,9.403769,10.0,,10.833,18.0576345276
1984-05-01,9.454758,10.0,,11.029,17.9624679826
1984-06-01,9.65507,10.0,,11.054,18.8891022037
1984-07-01,9.840815,10.0,,11.34,18.5751792242
1984-08-01,9.859025,10.0,,11.574,17.6216636654
1984-09-01,9.910013000000001,10.0,,11.824,17.8553746352
1984-10-01,9.961002,10.0,,12.08,17.9648721968
1984-11-01,10.00835,10.0,,12.083,18.0814128781
1984-12-01,9.891803,10.0,,12.312,18.1748588421
1985-01-01,9.891803,10.0,,12.616,18.3435795439
1985-02-01,9.840815,10.0,,12.938,18.4978279183
1985-03-01,9.859025,10.0,,12.959,18.7249264723
1985-04-01,9.993780000000001,10.0,,12.485,18.499035233
1985-05-01,10.09212,10.0,,12.546,17.7801431315
1985-06-01,10.19409,10.0,,12.462,16.4345042447
1985-07-01,10.34706,10.0,,12.034,16.3879013152
1985-08-01,10.39805,10.0,,11.935,17.3436395919
1985-09-01,10.41262,10.0,,12.176,17.2232420744
1985-10-01,10.51459,10.0,,12.028,16.8651064906
1985-11-01,10.598360000000001,10.0,,12.086,16.4244269797
1985-12-01,10.598360000000001,10.0,,12.16,15.3773179149
1986-01-01,10.58015,10.0,,12.275,15.6658255054
1986-02-01,10.64935,10.0,,12.374,16.6472362752
1986-03-01,10.73312,10.0,,12.288,16.2085636496
1986-04-01,10.816880000000001,10.0,,12.403,16.3737162891
1986-05-01,10.95164,10.0,,12.484,16.9651154085
1986-06-01,11.06818,10.0,,12.612,17.378707583
1986-07-01,11.239360000000001,10.0,,12.513,17.2954686521
1986-08-01,11.30492,10.0,,12.577,16.8887032255
1986-09-01,11.37412,10.0,,12.687,17.137204717
1986-10-01,11.523439999999999,10.0,,12.854,17.2384596854
1986-11-01,11.63999,10.0,,13.092,17.3703012366
1986-12-01,11.57443,10.0,,13.171,18.098319316
1987-01-01,11.57443,10.0,,13.04,18.3187684735
1987-02-01,11.54165,10.0,,13.068,18.2196243227
1987-03-01,11.54165,10.0,,12.937,18.4532794593
1987-04-01,11.62542,10.0,,12.811,18.4124985593
1987-05-01,11.82573,10.0,,12.693,17.7463392142
1987-06-01,12.029689999999999,10.0,,12.84,17.2280583345
1987-07-01,12.17901,10.0,,13.027,17.4673431895
1987-08-01,12.38296,10.0,,13.1,17.8921026022
1987-09-01,12.53229,10.0,,13.021,17.942983535
1987-10-01,12.616060000000001,10.0,,13.059,18.0565334349
1987-11-01,12.699819999999999,10.0,,12.988,17.8271771131
1987-12-01,12.65248,10.0,,12.954,17.1994490304
1988-01-01,12.66704,10.0,,13.056,16.6278639853
1988-02-01,12.60149,10.0,,13.073,16.3264029043
1988-03-01,12.66704,10.0,,13.0,16.2001178452
1988-04-01,12.83458,10.0,,13.203,16.1004219005
1988-05-01,12.969330000000001,10.0,,13.314,16.6161259242
1988-06-01,13.155079999999998,10.0,,13.769,15.8606844116
1988-07-01,13.3736,10.0,,14.091,16.5478829518
1988-08-01,13.457370000000001,10.0,,14.247,17.9929148621
1988-09-01,13.55935,10.0,,14.491,17.0252604595
1988-10-01,13.84707,10.0,,14.735,16.4761459515
1988-11-01,13.929979999999999,10.0,,14.981,16.7258092839
1988-12-01,13.76415,10.0,,15.045,18.868952051
1989-01-01,13.68123,10.0,,15.113,19.1443900529
1989-02-01,13.68123,10.0,,15.252,17.3705054305
1989-03-01,13.76415,10.0,,15.479,17.5430396357
1989-04-01,13.84707,10.0,,15.732,18.3063273327
1989-05-01,14.0129,10.0,,16.123,18.603340117
1989-06-01,14.095820000000002,10.0,,16.459,20.0220528483
1989-07-01,14.26165,10.0,,16.442,19.2514890631
1989-08-01,14.42748,10.0,,16.609,17.7232964429
1989-09-01,14.59332,10.0,,16.764,18.74337417
1989-10-01,14.59332,10.0,,16.856,19.6983451097
1989-11-01,14.59332,10.0,,16.935,20.0575423885
1989-12-01,14.5104,10.0,,16.942,18.0954919172
1990-01-01,14.42748,10.0,,16.965,17.7517423252
1990-02-01,14.5104,10.0,,17.002,19.5431720344
1990-03-01,14.676229999999999,10.0,,17.12,19.7378539723
1990-04-01,14.92498,10.0,,17.28,19.6841955961
1990-05-01,15.09082,10.0,,17.32,19.2730359657
1990-06-01,15.339570000000002,10.0,,17.431,18.3310946811
1990-07-01,15.67123,10.0,,17.416,17.9123701353
1990-08-01,15.75415,10.0,,17.377,17.1949639804
1990-09-01,15.83707,10.0,,17.869,16.7137474844
1990-10-01,16.16873,10.0,,18.051,16.1942570442
1990-11-01,16.417479999999998,10.0,,18.087,15.7480483356
1990-12-01,16.5004,10.0,,18.124,15.6868028092
1991-01-01,16.74915,10.0,,18.329,15.3252657905
1991-02-01,16.74915,10.0,,18.854,15.4348585554
1991-03-01,16.66623,10.0,,19.244,15.4341915547
1991-04-01,16.74915,10.0,,19.937,14.788039286
1991-05-01,16.91498,10.0,,20.5772,15.1702232833
1991-06-01,17.32956,10.0,,21.064,15.6693380203
1991-07-01,17.74415,11.0,,25.577,15.3056258972
1991-08-01,17.9929,11.0,,25.814,15.6976341788
1991-09-01,18.32456,11.0,,25.88,16.0773455904
1991-10-01,18.4904,12.0,,25.872,16.7583882825
1991-11-01,18.656229999999997,12.0,,25.886,18.0236573274
1991-12-01,18.656229999999997,12.0,,25.875,18.581107217
1992-01-01,18.90498,12.0,,25.917,19.0374963171
1992-02-01,18.9879,12.0,,25.934,19.3016420703
1992-03-01,18.9879,12.0,,25.89,19.2410039084
1992-04-01,19.15373,12.0,,25.89,19.1347691642
1992-05-01,19.402479999999997,12.0,,25.89,19.1120649724
1992-06-01,19.56831,12.0,,25.89,19.7064426026
1992-07-01,20.06581,12.0,,25.89,20.5124562375
1992-08-01,20.06581,12.0,,25.89,20.5263121177
1992-09-01,20.14873,12.0,,25.89,19.5127762137
1992-10-01,20.23164,12.0,,25.89,18.6940973453
1992-11-01,20.23164,12.0,,25.89,17.5497724594
1992-12-01,20.14873,12.0,,26.156,16.2557039295
1993-01-01,19.98289,12.0,,29.0431578789474,15.6741986544
1993-02-01,19.98289,12.0,,30.0421053247368,14.9147038627
1993-03-01,20.14873,12.0,,31.9391300378261,14.6022205127
1993-04-01,20.31456,12.0,,31.6095240447619,15.7286280711
1993-05-01,20.397479999999998,12.0,,31.61250038,15.8124830605
1993-06-01,20.72914,12.0,,31.6681824572727,14.6587199076
1993-07-01,20.97789,12.0,,31.60000038,14.2251240411
1993-08-01,21.22664,12.0,,31.6122723481818,14.4584041966
1993-09-01,21.47539,12.0,,31.5776190090476,14.968086139
1993-10-01,21.72414,12.0,,31.505000595,14.5990634401
1993-11-01,21.97289,12.0,,31.433500387,14.6770435349
1993-12-01,21.88997,12.0,,31.44000053,15.991120912
1994-01-01,21.80706,12.0,,31.44000053,17.1356965079
1994-02-01,21.97289,12.0,,31.4489479031579,18.132024376
1994-03-01,22.13873,12.0,,31.4146740956522,18.4991504564
1994-04-01,22.304560000000002,12.0,,31.3914290857143,18.0342178303
1994-05-01,22.55331,12.0,,31.37535713,18.0640694121
1994-06-01,22.96789,12.0,,31.384545675,18.6670236005
1994-07-01,23.29956,12.0,,31.3763751995,19.3295944132
1994-08-01,23.54831,12.0,,31.3727173204348,19.2147870919
1994-09-01,23.87997,12.0,,31.3722618671429,19.9688831848
1994-10-01,23.962889999999998,12.0,,31.372625162,21.6379116101
1994-11-01,24.12872,12.0,,31.393999865,21.6613589048
1994-12-01,23.962889999999998,12.0,,31.389404752381,20.804276083
1995-01-01,23.962889999999998,12.0,,31.3736843321053,19.5254066668
1995-02-01,24.12872,12.0,,31.3794737368421,18.4935658909
1995-03-01,24.29456,12.0,,31.5865435395652,20.2797705081
1995-04-01,24.46039,12.0,,31.4072498325,19.7611486012
1995-05-01,24.87497,12.0,,31.4178863013636,17.4144781004
1995-06-01,25.37247,12.0,,31.40368167,17.3074167269
1995-07-01,25.95289,12.0,,31.385249806,16.5301752402
1995-08-01,26.11872,12.0,,31.5923480147826,16.3704756983
1995-09-01,26.28455,12.0,,33.3097497945,16.1378982985
1995-10-01,26.450390000000002,12.0,,34.6564282004762,15.2393198238
1995-11-01,26.616220000000002,12.0,,34.7100001733333,14.6651149462
1995-12-01,26.28455,12.0,,34.966249847,14.453100596
1996-01-01,26.11872,12.0,,35.8116663966667,15.0052864726
1996-02-01,26.20164,12.0,,36.594499779,15.3264881029
1996-03-01,26.450390000000002,12.0,,34.4852376652381,14.2931929983
1996-04-01,26.86497,12.0,,34.3195453990909,14.7251314767
1996-05-01,27.196640000000002,12.0,,35.0250001386364,15.7113013049
1996-06-01,27.61122,12.0,,35.0994993195,15.8926038266
1996-07-01,28.10872,12.0,,35.621818195,16.4897894243
1996-08-01,28.440379999999998,12.0,,35.7999994113636,16.361045595
1996-09-01,28.5233,12.0,,35.869999502,15.991460639
1996-10-01,28.68913,12.0,,35.8036356827273,15.3984744218
1996-11-01,28.93788,12.0,,35.8391581078947,15.5758959852
1996-12-01,29.0208,12.0,,35.8815238590476,16.2033785634
1997-01-01,29.0208,12.0,,35.9036676333333,16.7618784256
1997-02-01,29.0208,12.0,,35.8905270242105,17.2975188826
1997-03-01,29.103720000000003,12.0,,35.8847621747619,16.6982025825
1997-04-01,29.35247,11.0,,35.828136445,16.2155072456
1997-05-01,29.186629999999997,11.0,,35.8248094823809,16.7968125982
1997-06-01,29.43538,10.0,,35.8201909738095,17.061346069
1997-07-01,29.68413,10.0,,35.7473636963636,16.81078386
1997-08-01,29.76705,10.0,,36.0084764385714,16.5993092439
1997-09-01,29.932879999999997,10.0,,36.4755715871429,16.5076988494
1997-10-01,30.26455,9.0,,36.26313643,16.9948721688
1997-11-01,30.34747,9.0,,37.2888885077778,17.5477717719
1997-12-01,30.844959999999997,9.0,,39.399999965,17.6059171133
1998-01-01,31.839959999999998,11.0,,39.269999912381,16.8980412292
1998-02-01,31.674129999999998,11.0,,38.861050033,16.6207624246
1998-03-01,31.5083,10.5,,39.5029548304545,17.5146056742
1998-04-01,31.75705,10.0,,39.62976165,18.146248095
1998-05-01,32.25455,9.0,,40.347799875,18.2125359558
1998-06-01,33.083709999999996,9.0,,42.2261361209091,18.0448401587
1998-07-01,34.07871,9.0,,42.479260983913,18.3981836199
1998-08-01,34.24454,9.0,,42.7138573771429,20.0044461072
1998-09-01,34.82496,9.0,,42.4880457795455,21.1397224151
1998-10-01,35.902879999999996,9.0,,42.3146592918182,21.3937614414
1998-11-01,36.31746,9.0,,42.3688574309524,20.9542656761
1998-12-01,35.57121,9.0,,42.542726865,20.198879539
1999-01-01,34.82496,9.0,,42.4975502015,20.420853623
1999-02-01,34.410379999999996,9.0,,42.4658002845,20.4292879234
1999-03-01,34.327459999999995,8.0,,42.4178694030435,19.8545026143
1999-04-01,34.410379999999996,8.0,,42.7237503055,19.2256512342
1999-05-01,34.74204,8.0,,42.781381152381,18.8043343957
1999-06-01,34.82496,8.0,,43.126954165,18.5048889725
1999-07-01,35.15663,8.0,,43.2913634559091,18.3741214033
1999-08-01,35.32246,8.0,,43.45295438,17.5816794315
1999-09-01,35.57121,8.0,,43.5324545772727,16.7014853391
1999-10-01,36.23454,8.0,,43.4381188890476,16.4290354446
1999-11-01,36.31746,8.0,,43.390000117619,16.2547691399
1999-12-01,35.73704,8.0,,43.4720233733333,17.4117577057
2000-01-01,35.73704,8.0,,43.546175003,17.4175622392
2000-02-01,35.65413,8.0,,43.6018576838095,16.5804112271
2000-03-01,35.98579,8.0,,43.5783915291304,15.7391064963
2000-04-01,36.31746,7.0,,43.6309505475,15.4428311063
2000-05-01,36.483290000000004,7.0,,43.9501307943478,15.8826547852
2000-06-01,36.64912,7.0,,44.6752726831818,16.0446722333
2000-07-01,36.89788,8.0,,44.7702386042857,15.7554613575
2000-08-01,36.732040000000005,8.0,,45.6786958447826,14.9357288851
2000-09-01,36.81496,8.0,,45.8966997145,14.7604263232
2000-10-01,37.22954,8.0,,46.3260451227273,14.9509234637
2000-11-01,37.312459999999994,8.0,,46.7718181613636,16.169093229
2000-12-01,36.98079,8.0,,46.732199669,16.5893978307
2001-01-01,36.89788,8.0,,46.5241818859091,16.3615174715
2001-02-01,36.732040000000005,7.5,,46.5116998685,16.3895455541
2001-03-01,36.89788,7.0,,46.6169093754545,16.492836062
2001-04-01,37.14663,7.0,,46.748199843,16.9193241757
2001-05-01,37.39537,7.0,,46.9120869826087,17.4457017836
2001-06-01,37.89288,7.0,,46.9951424361905,17.7275092443
2001-07-01,38.390370000000004,7.0,,47.1374092113636,17.6480020313
2001-08-01,38.63912,7.0,,47.1163041478261,17.8055051404
2001-09-01,38.55621,7.0,,47.60889988,17.5034765604
2001-10-01,38.80495,6.5,,48.0058260378261,16.6821883931
2001-11-01,39.13662,6.5,,47.9832728986364,15.563214404
2001-12-01,38.88787,6.5,,47.8941109966667,14.4573476221
2002-01-01,38.72204,6.5,,48.3177270027273,14.1360307891
2002-02-01,38.63912,6.5,,48.6802001955,14.2321529274
2002-03-01,38.80495,6.5,,48.7313808247619,14.1021106078
2002-04-01,38.88787,6.5,,48.9087725554545,14.0477246426
2002-05-01,39.13662,6.5,,48.98965255,15.6580957817
2002-06-01,39.46829,6.5,,48.952699661,16.7401608893
2002-07-01,39.882870000000004,6.5,,48.7582171904348,16.3057878264
2002-08-01,40.13162,6.5,,48.5820000390909,16.4410228842
2002-09-01,40.21454,6.5,,48.4286190219048,16.569649894
2002-10-01,40.38037,6.5,,48.3530872169565,16.6993420308
2002-11-01,40.5462,6.25,,48.2584283014286,16.6061377634
2002-12-01,40.13162,6.25,,48.1246317815789,16.2019031137
2003-01-01,40.04871,6.25,,47.9188641640909,16.0999059778
2003-02-01,40.13162,6.25,,47.74960022,15.9636802838
2003-03-01,40.38037,6.25,,47.62009539,15.0854255536
2003-04-01,40.87787,6.25,,47.3634088677273,14.5476937901
2003-05-01,40.96079,6.0,,47.0831362972727,12.8920286004
2003-06-01,41.209540000000004,6.0,,46.6777142114286,11.6673413547
2003-07-01,41.5412,6.0,,46.2197607295652,12.0612372849
2003-08-01,41.375370000000004,6.0,,45.9125239042857,11.7494760121
2003-09-01,41.375370000000004,6.0,,45.8282273027273,11.5530952135
2003-10-01,41.70704,6.0,,45.3245217695652,12.0365416642
2003-11-01,41.78995,6.0,,45.438349724,12.3058256704
2003-12-01,41.62412,6.0,,45.5646665661905,12.502276705
2004-01-01,41.78995,6.0,,45.4175238833333,13.2044739056
2004-02-01,41.78995,6.0,,45.241199684,14.1178203387
2004-03-01,41.78995,6.0,,44.9196523578261,15.5721786565
2004-04-01,41.78995,6.0,,43.8722730118182,16.2983937315
2004-05-01,42.12162,6.0,,45.1347618114286,15.7086089683
2004-06-01,42.45329,6.0,,45.5010452263636,14.971187541
2004-07-01,42.86787,6.0,,45.9958636554545,14.43364005
2004-08-01,43.28245,6.0,,46.2818189109091,14.3636706217
2004-09-01,43.36537,6.0,,46.0108632172727,14.2212346174
2004-10-01,43.61412,6.0,,45.7186668033333,13.6466668314
2004-11-01,43.5312,6.0,,45.0574545427273,13.2501811946
2004-12-01,43.19954,6.0,,43.8986091608696,13.1910319004
2005-01-01,43.61412,6.0,,43.6578574409524,14.0128380403
2005-02-01,43.5312,6.0,,43.63050003,13.8384228629
2005-03-01,43.5312,6.0,,43.6249996669565,12.3001563819
2005-04-01,43.86287,6.0,,43.713000342381,12.4698498269
2005-05-01,43.69703,6.0,,43.4802728136364,13.3094891072
2005-06-01,43.86287,6.0,,43.5635913504545,13.6527757986
2005-07-01,44.609120000000004,6.0,,43.5295235761905,14.1588092179
2005-08-01,44.77495,6.0,,43.6004779643478,14.4665753409
2005-09-01,44.94078,6.0,,43.8987725,16.290175345
2005-10-01,45.43828,6.0,,44.8153811861905,17.4985481168
2005-11-01,45.85286,6.0,,45.6850910190909,17.2251145965
2005-12-01,45.60411,6.0,,45.6076361913636,17.4693895323
2006-01-01,45.5212,6.0,,44.3853177145455,15.849016616
2006-02-01,45.5212,6.0,,44.3266498555,15.0436682613
2006-03-01,45.5212,6.0,,44.4950000926087,18.346296459
2006-04-01,45.903729999999996,6.0,,44.9474996565,19.7034116477
2006-05-01,46.28626,6.0,,45.3471303178261,18.7413681604
2006-06-01,47.051320000000004,6.0,,46.0553183127273,18.6647975252
2006-07-01,47.43385,6.0,,46.4729521614286,19.1375643344
2006-08-01,47.43385,6.0,,46.5260865582609,20.4382486181
2006-09-01,47.81638,6.0,,46.1042378747619,20.0036569422
2006-10-01,48.58145,6.0,,45.4524546527273,18.9483488005
2006-11-01,48.58145,6.0,,44.8334999081818,19.3422714915
2006-12-01,48.58145,6.0,,44.5392857509524,19.7177731949
2007-01-01,48.58145,6.0,,44.3013481473913,20.5582744574
2007-02-01,48.96398,6.0,,44.137750625,21.8088779335
2007-03-01,48.58145,6.0,,43.95972668,21.8265757557
2007-04-01,48.96398,6.0,,42.1917617433333,20.650004999
2007-05-01,49.346509999999995,6.0,,40.8212610317391,19.8225138512
2007-06-01,49.729040000000005,6.0,,40.7777624585714,20.9586160793
2007-07-01,50.4941,6.0,,40.4127273559091,22.0815892119
2007-08-01,50.87663,6.0,,40.8270006595652,21.5013902985
2007-09-01,50.87663,6.0,,40.305649949,21.4013951457
2007-10-01,51.259159999999994,6.0,,39.521000073913,22.5149726355
2007-11-01,51.259159999999994,6.0,,39.4696818272727,23.2776851128
2007-12-01,51.259159999999994,6.0,,39.4518493655,23.3823806553
2008-01-01,51.259159999999994,6.0,,39.3683476656522,23.6311191696
2008-02-01,51.6417,6.0,,39.7622380938095,23.7724022778
2008-03-01,52.40676,6.0,,40.3403808952381,22.451667808
2008-04-01,52.78929,6.0,,40.0440004527273,21.7688061406
2008-05-01,53.17182,6.0,,42.09631833,22.7376616937
2008-06-01,53.55435,6.0,,42.8345242457143,22.4047883167
2008-07-01,54.70195,6.0,,42.8532603713044,20.7034692036
2008-08-01,55.467009999999995,6.0,,43.0224287852381,20.5920231702
2008-09-01,55.849540000000005,6.0,,45.6021816936364,20.4761117264
2008-10-01,56.6146,6.0,,48.6405654582609,20.0785015002
2008-11-01,56.6146,6.0,,49.042250251,19.863043061
2008-12-01,56.23206999999999,6.0,,48.747800446,19.5615539975
2009-01-01,56.6146,6.0,,48.9004997255,20.0306815799
2009-02-01,56.6146,6.0,,49.2212505345,20.1663347064
2009-03-01,56.6146,6.0,,51.1040907772727,19.7651777789
2009-04-01,57.37966,6.0,,49.9413635954545,20.437459759
2009-05-01,57.762190000000004,6.0,,48.4466670814286,21.1737696523
2009-06-01,58.52726,6.0,,47.6718184736364,20.8086547637
2009-07-01,61.204969999999996,6.0,,48.3521736808696,21.1404296446
2009-08-01,61.970040000000004,6.0,,48.2461911157143,20.6780398097
2009-09-01,62.35256999999999,6.0,,48.3095455163636,19.825635769
2009-10-01,63.117630000000005,6.0,,46.6304550181818,19.3250954345
2009-11-01,64.26522,6.0,,46.5280954271429,19.0193226427
2009-12-01,64.64775,6.0,,46.5247825956522,18.5181271789
2010-01-01,65.79535,6.0,,45.9195238747619,17.5863790794
2010-02-01,65.03028,6.0,,46.2650003435,17.186498228
2010-03-01,65.03028,6.0,,45.4565215730435,17.0355948595
2010-04-01,65.03028,6.0,,44.4477275513636,16.1203296525
2010-05-01,65.79535,6.0,,45.7776191347619,15.2056115892
2010-06-01,66.56041,6.0,,46.4770457536364,15.1451340282
2010-07-01,68.09053,6.0,,46.7702269118182,15.3690071093
2010-08-01,68.09053,6.0,,46.501817875,15.5891641416
2010-09-01,68.47306,6.0,,45.8762727218182,15.5024619511
2010-10-01,69.23813,6.0,,44.3442855114286,16.3701452848
2010-11-01,69.62066,6.0,,44.9606819163636,16.8186168289
2010-12-01,70.76825,6.0,,45.0734783673913,17.3953319504
2011-01-01,71.91584,6.0,,45.3709526057143,17.4589054354
2011-02-01,70.76825,6.0,,45.365999412,16.628854829
2011-03-01,70.76825,6.0,,44.9104348891304,16.5284381022
2011-04-01,71.15078000000001,6.0,,44.2999996014286,17.0109435152
2011-05-01,71.53331,6.0,,44.907182,17.3675855895
2011-06-01,72.29838000000001,6.0,,44.7959090145455,17.1078804511
2011-07-01,73.8285,6.0,,44.3952376942857,16.8956933478
2011-08-01,74.21103000000001,6.0,,45.3090000978261,16.8020691237
2011-09-01,75.35862,6.0,,47.6137729986364,16.8838412267
2011-10-01,75.74116,6.0,,49.2038094661905,15.8031004377
2011-11-01,76.12369,6.0,,50.6806814018182,15.1018574833
2011-12-01,75.35862,6.0,8.56,52.3936360081818,15.5521387748
2012-01-01,75.74116,6.0,8.235,51.1063631236364,15.2984766992
2012-02-01,76.12369,7.75,8.1925,49.1735710871429,14.4307826812
2012-03-01,76.88875,9.5,8.374,50.3475001945455,13.8948714616
2012-04-01,78.41887,9.25,8.5875,51.6795236495238,13.5202524326
2012-05-01,78.8014,9.0,8.565,54.33804371,13.6073663178
2012-06-01,79.56647,9.0,8.204,55.9271429157143,14.8133858666
2012-07-01,81.09659,9.0,8.09666666666667,55.3968181604545,14.8262785222
2012-08-01,81.86165,9.0,8.196,55.4904343982609,14.0291411036
2012-09-01,82.24418,9.0,8.175,54.4487499245,13.8896551767
2012-10-01,83.00925,9.0,8.1475,53.0482610626087,13.5332129283
2012-11-01,83.39178000000001,9.0,8.20254,54.8001358709091,13.4248818017
2012-12-01,83.77431,9.0,8.1375,54.6352379204762,12.2711624134
2013-01-01,84.53936999999999,9.0,7.8725,54.2091303278261,12.00393547
2013-02-01,85.30443000000001,8.75,7.8375,53.84157505,12.8261365747
2013-03-01,85.68696,8.65,7.91,54.4238097785714,13.2770901907
2013-04-01,86.45203000000001,8.5,7.83,54.29727277,13.3809808995
2013-05-01,87.21709,8.25,7.502,55.0703811647619,13.3184749176
2013-06-01,88.36468,8.25,7.40215,58.402650261,13.1033364037
2013-07-01,89.89480999999999,9.25,7.724375,59.7834344952174,12.5383329271
2013-08-01,90.65987,10.25,8.328,62.8476822595455,12.2871457952
2013-09-01,91.0424,9.875,8.6025,63.7901426033333,12.5262248528
2013-10-01,92.18999000000001,9.125,8.5725,61.581391376087,13.361787955
2013-11-01,92.95506,8.75,8.86304,62.5530955,14.2552230876
2013-12-01,91.42493,8.75,8.87536825,61.8445710685714,14.7744039316
2014-01-01,90.65987,8.8,8.76454,62.0992391826087,14.6303820037
2014-02-01,91.0424,9.0,8.8125,62.2336252215,14.527003708
2014-03-01,91.42493,9.0,8.8375,60.9477955052381,14.0560347809
2014-04-01,92.57253,9.0,8.9875,60.3459091195455,13.7798380637
2014-05-01,93.33759,9.0,8.75292,59.3684088972727,13.6088942693
2014-06-01,94.10265,9.0,8.6336,59.7480476014286,12.4657597584
2014-07-01,96.39783,9.0,8.6559,60.0732523030435,12.1139948436
2014-08-01,96.78036,9.0,8.56064,60.8698189152381,12.6800492538
2014-09-01,96.78036,9.0,8.49115,60.8732951768182,12.6172918824
2014-10-01,96.78036,9.0,8.40188,61.3935825504348,12.3709763715
2014-11-01,96.78036,9.0,8.18685,61.7053596505,11.4935164749
2014-12-01,96.78036,9.0,7.955925,62.7804829156522,10.7037482039
2015-01-01,97.1629,8.85,7.79366,62.2106819159091,10.7670360262
2015-02-01,96.78036,8.75,7.7342,62.0572448725,10.9437820058
2015-03-01,97.1629,8.5,7.8208,62.4811087518182,11.0159054284
2015-04-01,97.92796,8.5,7.83696666666667,62.7282863968182,10.8770151892
2015-05-01,98.69301999999999,8.5,7.85218,63.7705330619048,10.8033852602
2015-06-01,99.84061,8.25,7.805225,63.8522683918182,10.6820058123
2015-07-01,100.6057,8.25,7.81692,63.6525747873913,10.8507384562
2015-08-01,100.9882,8.25,7.785975,65.0842759266667,11.1205610802
2015-09-01,101.7533,8.25,7.73205,66.2337993272727,10.8679604453
2015-10-01,102.9009,7.75,7.5969,65.08420528,10.5740171856
2015-11-01,103.2834,7.75,7.7452,66.1913670128571,10.4832625639
2015-12-01,102.9009,7.75,7.791575,66.5603823456522,10.6095510965
2016-01-01,102.9009,7.75,7.66876,67.3198808938095,10.8280900518
2016-02-01,102.1358,7.75,7.720025,68.2354144142857,10.9369431359
2016-03-01,102.5183,7.75,7.584775,66.9515224952174,10.5673577249
2016-04-01,103.6659,7.15,7.43606,66.4826198771429,10.464207478
2016-05-01,105.196,7.0,7.2793,66.9300544040909,10.3441616961
2016-06-01,105.9611,7.0,7.502625,67.2953366368182,10.0938191701
2016-07-01,107.1087,7.0,7.35092,67.2060089119048,10.1787793812
2016-08-01,106.3436,7.0,7.14185,66.9215127686956,10.0516875473
2016-09-01,105.9611,7.0,6.86438,66.7670409468182,11.8207318661
2016-10-01,106.3436,6.75,6.784525,66.7238715028571,11.9613447767
2016-11-01,105.9611,6.75,6.613,67.5956819713636,9.2222547303
2016-12-01,105.196,6.75,6.52812,67.8654046490909,7.1838957276
2017-01-01,104.8135,6.75,6.7918,68.0961133786364,6.1465946453
2017-02-01,104.8135,6.75,6.9794,67.033124924,6.0190908295
2017-03-01,105.196,6.75,7.11756,65.8634693304348,8.0717853152
2017-04-01,105.9611,6.5,7.16485,64.5236202255,8.4161395258
2017-05-01,106.3436,6.5,7.1144,64.4467262604348,6.6451008632
2017-06-01,107.1087,6.5,6.58302,64.4503374968182,6.7916185672
2017-07-01,109.0214,6.5,6.54905,64.4564285714286,6.8361075539
2017-08-01,109.0214,6.25,6.6025,63.9747434782609,6.6833776533
2017-09-01,109.0214,6.25,6.72384,64.4622238095238,6.1014877956
2017-10-01,109.7864,6.25,6.94395,65.0689681818182,5.7549014683
2017-11-01,110.169,6.25,7.16575,64.8698136363636,7.1970540549
2017-12-01,109.4039,6.25,7.35076,64.2520952380952,9.247904044
2018-01-01,110.169,6.25,7.219725,63.6434739130435,10.2393222502
2018-02-01,109.7864,6.25,7.571275,64.406725,10.1449290921
2018-03-01,109.7864,6.25,7.60806,65.0724363636364,9.5144362447
2018-04-01,110.169,6.25,7.547875,65.695180952381,9.6879947212
2018-05-01,110.5515,6.25,7.846075,67.5268173913043,10.291380669
2018-06-01,111.3165,6.45,7.93574,67.8044571428571,10.0539037254
2018-07-01,115.1419,6.5,7.800625,68.7291636363636,9.8141367536
2018-08-01,115.1419,6.75,7.82458,69.6491434782609,10.3360368439
2018-09-01,115.1419,6.75,8.019075,72.213055,10.0736036736
2018-10-01,115.5244,6.75,7.92485,73.6034130434783,9.6622904869
2018-11-01,115.5244,6.75,7.78462,71.8513272727273,10.2151899558
2018-12-01,115.1419,6.75,7.37335,70.7201190476191,10.3207682527
2019-01-01,117.43700000000001,6.75,7.34735,70.7474304347826,
2019-02-01,117.43700000000001,6.5625,7.4312,71.2288,
2019-03-01,118.2021,6.5,7.41366,69.5151095238095,
2019-04-01,119.3497,6.25,7.421075,69.4237409090909,
2019-05-01,120.1148,6.25,7.3271,69.7990956521739,
2019-06-01,120.8798,6.0,6.96805,69.4279,
2019-07-01,122.0274,6.0,6.597725,68.7687304347826,
2019-08-01,122.4099,5.72,6.61912,71.1363136363636,
2019-09-01,123.175,5.65,6.81335,71.3720761904762,
2019-10-01,124.3226,5.4,6.5418,71.0515304347826,
2019-11-01,125.4702,5.4,6.63498,71.4789666666667,
2019-12-01,126.2353,5.4,6.848575,71.1826045454546,
2020-01-01,126.2353,5.4,6.8218,71.2924869565217,
2020-02-01,125.4702,5.4,6.65965,71.49953,
2020-03-01,124.7051,5.2125,6.701575,74.49565,
2020-04-01,125.8527,4.65,6.76515,76.19045,
2020-05-01,126.2353,4.49,5.91544,75.6670523809524,
2020-06-01,127.0003,4.25,5.8551,75.7491272727273,
2020-07-01,128.5304,4.25,5.81452,74.9667173913043,
2020-08-01,129.2955,4.25,6.0105,74.6297952380952,
2020-09-01,130.1179,4.25,6.024675,73.5113909090909,
2020-10-01,131.6603,4.25,5.94484,73.4861363636364,
2020-11-01,132.101,4.25,5.8952,74.2792857142857,
2020-12-01,130.8891,4.25,5.8929,73.6197826086957,
2021-01-01,130.22799999999998,4.25,5.94162,73.1004238095238,
2021-02-01,131.1094,4.25,6.1935,72.78943,
2021-03-01,131.7705,4.25,6.350775,72.8020652173913,
2021-04-01,132.3214,4.25,6.2801,74.4425363636364,
2021-05-01,132.8723,4.25,6.225375,73.2073380952381,
2021-06-01,134.0842,4.25,6.267675,73.5653909090909,
2021-07-01,135.2961,4.25,6.20842,74.5390636363636,
2021-08-01,135.5165,4.25,6.280325,74.1423590909091,
2021-09-01,135.847,4.25,6.1883,73.5911136363636,
2021-10-01,137.6098,4.25,6.35978,74.9825761904762,
2021-11-01,138.4912,4.25,6.354375,74.4915636363636,
2021-12-01,138.1607,4.25,6.44032,75.3579565217391,
2022-01-01,137.8302,4.25,6.643025,74.426480952381,
2022-02-01,137.72,4.25,6.750475,74.99117,
2022-03-01,138.8218,4.25,6.819825,76.2014913043478,
2022-04-01,140.6947,4.25,7.1058,76.1565,
2022-05-01,142.127,4.65,7.38565,77.2902227272727,
2022-06-01,142.3474,5.025,7.529625,78.0869818181818,
2022-07-01,143.1186,5.15,7.40206,79.6024333333333,
2022-08-01,143.4492,5.65,7.27475,79.571247826087,
2022-09-01,144.6611,5.75,7.280374,80.2520909090909,
2022-10-01,145.9832,6.15,7.464925,82.3744571428571,
2022-11-01,145.9832,6.15,7.357575,81.7862863636364,
2022-12-01,145.7628,6.43,7.29416,82.5275454545455,
2023-01-01,146.3137,6.5,7.39,81.8510727272727,
2023-02-01,146.2036,6.6875,7.334525,82.60746,
2023-03-01,146.8646,6.75,7.36,82.3334260869565,
2023-04-01,147.8562,6.75,7.18,82.008815,
2023-05-01,148.4071,6.75,7.0125,82.3099434782609,
2023-06-01,150.2801,6.75,7.054,82.2246363636364,
2023-07-01,153.9159,6.75,7.1125,82.1503619047619,
2023-08-01,153.365,6.75,7.185,82.7945826086956,
2023-09-01,151.49200000000002,6.75,7.172,83.068580952381,
2023-10-01,152.4836,6.75,7.35,83.2253272727273,
2023-11-01,153.2548,6.75,7.27,83.3067931818182,
2023-12-01,152.9243,6.75,7.224,83.2652380952381,
2024-01-01,153.0345,6.75,7.2025,83.1144565217391,
2024-02-01,153.365,6.75,7.09,82.9759238095238,
2024-03-01,153.0345,6.75,7.068,83.0396166666667,
2024-04-01,153.5853,6.75,7.15,83.3910522727273,
2024-05-01,154.1362,6.75,7.054,83.3922282608696,
2024-06-01,155.7889,6.75,7.0225,83.4813125,
2024-07-01,157.2212,6.75,7.0075,83.605002173913,
2024-08-01,157.111,6.75,6.91,83.9067340909091,
2024-09-01,157.8822,6.75,6.8325,83.8203595238095,
2024-10-01,159.2043,6.75,6.785,84.0207891304348,
2024-11-01,159.2043,6.75,6.812,84.3607142857143,
2024-12-01,158.3229,6.75,6.7775,84.9988954545454,
2025-01-01,157.77200000000002,6.75,6.758,86.2594869565217,
2025-02-01,157.3313,6.5,6.7325,87.08497,
2025-03-01,157.5517,6.5,6.6825,86.541519047619,
2025-04-01,,6.3125,6.455,85.5778431818182,
2025-05-01,,6.25,6.272,85.2506045454546,
2025-06-01,,5.75,6.3075,85.9375928571429,
2025-07-01,,5.75,6.35,86.1374217391304,
2025-08-01,,5.75,6.522,87.5746452380952,
2025-09-01,,5.75,6.585,88.320825,
2025-10-01,,5.75,6.482,88.3938891304348,
2025-11-01,,5.75,6.5375,88.8611275,
2025-12-01,,5.5,6.6325,90.0201369565217,
2026-01-01,,5.5,6.732,90.8659431818182,
2026-02-01,,5.5,6.77,90.74488,
2026-03-01,,5.5,6.84,92.8805681818182,
2026-04-01,,5.5,7.05,93.5732386363636,
2026-05-01,,5.5,7.02,95.5205357142857,
